commence_time,Tm,Opp,bookmaker,name,point,Date_Parsed,commence_dt_utc,local_date,local_hour,is_daytime,snapshot_date,match_key,played_date,_date,_key
2021-04-01 23:08:00+00:00,WSN,NYM,betmgm,Over,6.5,2021-04-01,2021-04-01 23:08:00+00:00,2021-04-01,19,0,2021-04-01,WSN_NYM,2021-04-01,2021-04-01,2021-04-01|NYM|WSN
2021-04-04 01:11:00+00:00,SEA,SFG,betmgm,Over,8.5,2021-04-04,2021-04-04 01:11:00+00:00,2021-04-03,18,0,2021-04-04,SEA_SFG,2021-04-04,2021-04-04,2021-04-04|SEA|SFG
2021-04-05 00:37:00+00:00,LAA,CHW,betmgm,Over,8.5,2021-04-05,2021-04-05 00:37:00+00:00,2021-04-04,17,0,2021-04-05,LAA_CHW,2021-04-05,2021-04-05,2021-04-05|CHW|LAA
2021-04-11 01:45:00+00:00,TOR,LAA,mybookieag,Over,16.5,2021-04-11,2021-04-11 01:45:00+00:00,2021-04-10,21,0,2021-04-11,TOR_LAA,2021-04-11,2021-04-11,2021-04-11|LAA|TOR
2021-04-15 16:11:00+00:00,NYM,PHI,betonlineag,Over,6.5,2021-04-15,2021-04-15 16:11:00+00:00,2021-04-15,12,1,2021-04-15,NYM_PHI,2021-04-15,2021-04-15,2021-04-15|NYM|PHI
2021-04-16 02:11:00+00:00,LAD,COL,betonlineag,Over,7.5,2021-04-16,2021-04-16 02:11:00+00:00,2021-04-15,19,0,2021-04-16,LAD_COL,2021-04-16,2021-04-16,2021-04-16|COL|LAD
2021-04-18 01:08:00+00:00,LAA,MIN,betonlineag,Over,8.5,2021-04-18,2021-04-18 01:08:00+00:00,2021-04-17,18,0,2021-04-18,LAA_MIN,2021-04-18,2021-04-18,2021-04-18|LAA|MIN
2021-04-29 00:06:00+00:00,TEX,LAA,betmgm,Over,8.5,2021-04-29,2021-04-29 00:06:00+00:00,2021-04-28,19,0,2021-04-29,TEX_LAA,2021-04-29,2021-04-29,2021-04-29|LAA|TEX
2021-04-29 01:40:00+00:00,ARI,SDP,betmgm,Over,8.5,2021-04-29,2021-04-29 01:40:00+00:00,2021-04-28,18,0,2021-04-29,ARI_SDP,2021-04-29,2021-04-29,2021-04-29|ARI|SDP
2021-04-29 01:45:00+00:00,SFG,COL,betmgm,Over,6.5,2021-04-29,2021-04-29 01:45:00+00:00,2021-04-28,18,0,2021-04-29,SFG_COL,2021-04-29,2021-04-29,2021-04-29|COL|SFG
2021-05-06 00:11:00+00:00,SDP,PIT,barstool,Over,6.5,2021-05-06,2021-05-06 00:11:00+00:00,2021-05-05,17,0,2021-05-06,SDP_PIT,2021-05-06,2021-05-06,2021-05-06|PIT|SDP
2021-05-09 17:10:00+00:00,CLE,CIN,barstool,Over,8.5,2021-05-09,2021-05-09 17:10:00+00:00,2021-05-09,13,1,2021-05-09,CLE_CIN,2021-05-09,2021-05-09,2021-05-09|CIN|CLE
2021-05-09 17:10:00+00:00,DET,MIN,barstool,Over,7.5,2021-05-09,2021-05-09 17:10:00+00:00,2021-05-09,13,1,2021-05-09,DET_MIN,2021-05-09,2021-05-09,2021-05-09|DET|MIN
2021-05-13 00:10:00+00:00,HOU,LAA,barstool,Over,8.5,2021-05-13,2021-05-13 00:10:00+00:00,2021-05-12,19,0,2021-05-13,HOU_LAA,2021-05-13,2021-05-13,2021-05-13|HOU|LAA
2021-05-13 02:10:00+00:00,LAD,SEA,barstool,Over,7.5,2021-05-13,2021-05-13 02:10:00+00:00,2021-05-12,19,0,2021-05-13,LAD_SEA,2021-05-13,2021-05-13,2021-05-13|LAD|SEA
2021-05-14 01:40:00+00:00,ARI,MIA,barstool,Over,7.5,2021-05-14,2021-05-14 01:40:00+00:00,2021-05-13,18,0,2021-05-14,ARI_MIA,2021-05-14,2021-05-14,2021-05-14|ARI|MIA
2021-05-20 00:08:00+00:00,LAA,CLE,barstool,Over,7.5,2021-05-20,2021-05-20 00:08:00+00:00,2021-05-19,17,0,2021-05-20,LAA_CLE,2021-05-20,2021-05-20,2021-05-20|CLE|LAA
2021-05-20 00:11:00+00:00,KCR,MIL,barstool,Over,7.5,2021-05-20,2021-05-20 00:11:00+00:00,2021-05-19,19,0,2021-05-20,KCR_MIL,2021-05-20,2021-05-20,2021-05-20|KCR|MIL
2021-05-20 02:11:00+00:00,SEA,DET,barstool,Over,8.5,2021-05-20,2021-05-20 02:11:00+00:00,2021-05-19,19,0,2021-05-20,SEA_DET,2021-05-20,2021-05-20,2021-05-20|DET|SEA
2021-05-20 02:11:15+00:00,SEA,DET,mybookieag,Over,7.5,2021-05-20,2021-05-20 02:11:15+00:00,2021-05-19,19,0,2021-05-20,SEA_DET,2021-05-20,2021-05-20,2021-05-20|DET|SEA
2021-05-27 01:40:00+00:00,ARI,SFG,barstool,Over,8.5,2021-05-27,2021-05-27 01:40:00+00:00,2021-05-26,18,0,2021-05-27,ARI_SFG,2021-05-27,2021-05-27,2021-05-27|ARI|SFG
2021-05-30 23:09:00+00:00,NYM,ATL,barstool,Over,5.5,2021-05-30,2021-05-30 23:09:00+00:00,2021-05-30,19,0,2021-05-30,NYM_ATL,2021-05-30,2021-05-30,2021-05-30|ATL|NYM
2021-06-02 00:10:00+00:00,KCR,PIT,barstool,Over,7.5,2021-06-02,2021-06-02 00:10:00+00:00,2021-06-01,19,0,2021-06-02,KCR_PIT,2021-06-02,2021-06-02,2021-06-02|KCR|PIT
2021-06-02 01:46:00+00:00,SFG,LAA,barstool,Over,7.5,2021-06-02,2021-06-02 01:46:00+00:00,2021-06-01,18,0,2021-06-02,SFG_LAA,2021-06-02,2021-06-02,2021-06-02|LAA|SFG
2021-06-02 16:35:00+00:00,CIN,PHI,barstool,Over,8.5,2021-06-02,2021-06-02 16:35:00+00:00,2021-06-02,12,1,2021-06-02,CIN_PHI,2021-06-02,2021-06-02,2021-06-02|CIN|PHI
2021-06-03 01:10:00+00:00,LAD,STL,barstool,Over,7.5,2021-06-03,2021-06-03 01:10:00+00:00,2021-06-02,18,0,2021-06-03,LAD_STL,2021-06-03,2021-06-03,2021-06-03|LAD|STL
2021-06-03 02:10:00+00:00,SEA,ATH,barstool,Over,7.5,2021-06-03,2021-06-03 02:10:00+00:00,2021-06-02,19,0,2021-06-03,SEA_ATH,2021-06-03,2021-06-03,2021-06-03|ATH|SEA
2021-06-10 00:16:00+00:00,STL,CLE,barstool,Over,7.5,2021-06-10,2021-06-10 00:16:00+00:00,2021-06-09,19,0,2021-06-10,STL_CLE,2021-06-10,2021-06-10,2021-06-10|CLE|STL
2021-06-10 01:38:00+00:00,LAA,KCR,barstool,Over,8.5,2021-06-10,2021-06-10 01:38:00+00:00,2021-06-09,18,0,2021-06-10,LAA_KCR,2021-06-10,2021-06-10,2021-06-10|KCR|LAA
2021-06-11 00:10:00+00:00,CHW,TOR,barstool,Over,8.5,2021-06-11,2021-06-11 00:10:00+00:00,2021-06-10,19,0,2021-06-11,CHW_TOR,2021-06-11,2021-06-11,2021-06-11|CHW|TOR
2021-06-11 00:11:00+00:00,MIN,NYY,betmgm,Over,10.5,2021-06-11,2021-06-11 00:11:00+00:00,2021-06-10,19,0,2021-06-11,MIN_NYY,2021-06-11,2021-06-11,2021-06-11|MIN|NYY
2021-06-17 00:10:00+00:00,HOU,TEX,barstool,Over,8.5,2021-06-17,2021-06-17 00:10:00+00:00,2021-06-16,19,0,2021-06-17,HOU_TEX,2021-06-17,2021-06-17,2021-06-17|HOU|TEX
2021-06-17 02:10:00+00:00,LAD,PHI,barstool,Over,7.5,2021-06-17,2021-06-17 02:10:00+00:00,2021-06-16,19,0,2021-06-17,LAD_PHI,2021-06-17,2021-06-17,2021-06-17|LAD|PHI
2021-06-17 02:10:00+00:00,SEA,MIN,barstool,Over,8.5,2021-06-17,2021-06-17 02:10:00+00:00,2021-06-16,19,0,2021-06-17,SEA_MIN,2021-06-17,2021-06-17,2021-06-17|MIN|SEA
2021-06-24 02:10:00+00:00,SDP,LAD,barstool,Over,7.5,2021-06-24,2021-06-24 02:10:00+00:00,2021-06-23,19,0,2021-06-24,SDP_LAD,2021-06-24,2021-06-24,2021-06-24|LAD|SDP
2021-06-30 02:11:00+00:00,LAD,SFG,barstool,Over,7.5,2021-06-30,2021-06-30 02:11:00+00:00,2021-06-29,19,0,2021-06-30,LAD_SFG,2021-06-30,2021-06-30,2021-06-30|LAD|SFG
2021-07-01 00:10:00+00:00,HOU,BAL,barstool,Over,9.5,2021-07-01,2021-07-01 00:10:00+00:00,2021-06-30,19,0,2021-07-01,HOU_BAL,2021-07-01,2021-07-01,2021-07-01|BAL|HOU
2021-07-01 17:05:00+00:00,NYY,LAA,barstool,Over,9.5,2021-07-01,2021-07-01 17:05:00+00:00,2021-07-01,13,1,2021-07-01,NYY_LAA,2021-07-01,2021-07-01,2021-07-01|LAA|NYY
2021-07-01 22:05:00+00:00,PHI,MIA,barstool,Over,7.5,2021-07-01,2021-07-01 22:05:00+00:00,2021-07-01,18,0,2021-07-01,PHI_MIA,2021-07-01,2021-07-01,2021-07-01|MIA|PHI
2021-07-05 01:11:00+00:00,ARI,SFG,barstool,Over,8.5,2021-07-05,2021-07-05 01:11:00+00:00,2021-07-04,18,0,2021-07-05,ARI_SFG,2021-07-05,2021-07-05,2021-07-05|ARI|SFG
2021-07-08 01:45:00+00:00,SFG,STL,barstool,Over,8.5,2021-07-08,2021-07-08 01:45:00+00:00,2021-07-07,18,0,2021-07-08,SFG_STL,2021-07-08,2021-07-08,2021-07-08|SFG|STL
2021-07-08 23:05:00+00:00,BAL,TOR,barstool,Over,10.5,2021-07-08,2021-07-08 23:05:00+00:00,2021-07-08,19,0,2021-07-08,BAL_TOR,2021-07-08,2021-07-08,2021-07-08|BAL|TOR
2021-07-09 00:05:00+00:00,CHC,PHI,williamhill_us,Over,7.5,2021-07-09,2021-07-09 00:05:00+00:00,2021-07-08,19,0,2021-07-09,CHC_PHI,2021-07-09,2021-07-09,2021-07-09|CHC|PHI
2021-07-09 01:11:00+00:00,SDP,WSN,barstool,Over,6.5,2021-07-09,2021-07-09 01:11:00+00:00,2021-07-08,18,0,2021-07-09,SDP_WSN,2021-07-09,2021-07-09,2021-07-09|SDP|WSN
2021-07-22 00:10:00+00:00,CHW,MIN,barstool,Over,9.5,2021-07-22,2021-07-22 00:10:00+00:00,2021-07-21,19,0,2021-07-22,CHW_MIN,2021-07-22,2021-07-22,2021-07-22|CHW|MIN
2021-07-22 00:11:00+00:00,HOU,CLE,barstool,Over,8.5,2021-07-22,2021-07-22 00:11:00+00:00,2021-07-21,19,0,2021-07-22,HOU_CLE,2021-07-22,2021-07-22,2021-07-22|CLE|HOU
2021-07-23 02:10:00+00:00,LAD,SFG,barstool,Over,7.5,2021-07-23,2021-07-23 02:10:00+00:00,2021-07-22,19,0,2021-07-23,LAD_SFG,2021-07-23,2021-07-23,2021-07-23|LAD|SFG
2021-07-29 00:05:00+00:00,TEX,ARI,barstool,Over,8.5,2021-07-29,2021-07-29 00:05:00+00:00,2021-07-28,19,0,2021-07-29,TEX_ARI,2021-07-29,2021-07-29,2021-07-29|ARI|TEX
2021-07-29 01:38:00+00:00,LAA,COL,barstool,Over,9.5,2021-07-29,2021-07-29 01:38:00+00:00,2021-07-28,18,0,2021-07-29,LAA_COL,2021-07-29,2021-07-29,2021-07-29|COL|LAA
2021-08-05 01:41:00+00:00,LAD,HOU,barstool,Over,8.5,2021-08-05,2021-08-05 01:41:00+00:00,2021-08-04,18,0,2021-08-05,LAD_HOU,2021-08-05,2021-08-05,2021-08-05|HOU|LAD
2021-08-06 00:10:00+00:00,CHW,KCR,barstool,Over,9.5,2021-08-06,2021-08-06 00:10:00+00:00,2021-08-05,19,0,2021-08-06,CHW_KCR,2021-08-06,2021-08-06,2021-08-06|CHW|KCR
2021-08-06 00:15:00+00:00,STL,ATL,barstool,Over,8.5,2021-08-06,2021-08-06 00:15:00+00:00,2021-08-05,19,0,2021-08-06,STL_ATL,2021-08-06,2021-08-06,2021-08-06|ATL|STL
2021-08-12 01:45:00+00:00,SFG,ARI,barstool,Over,7.5,2021-08-12,2021-08-12 01:45:00+00:00,2021-08-11,18,0,2021-08-12,SFG_ARI,2021-08-12,2021-08-12,2021-08-12|ARI|SFG
2021-08-13 01:39:00+00:00,LAA,TOR,barstool,Over,8.5,2021-08-13,2021-08-13 01:39:00+00:00,2021-08-12,18,0,2021-08-13,LAA_TOR,2021-08-13,2021-08-13,2021-08-13|LAA|TOR
2021-08-27 01:11:00+00:00,SDP,LAD,barstool,Over,7.5,2021-08-27,2021-08-27 01:11:00+00:00,2021-08-26,18,0,2021-08-27,SDP_LAD,2021-08-27,2021-08-27,2021-08-27|LAD|SDP
2021-08-29 01:08:00+00:00,LAA,SDP,betmgm,Over,9.5,2021-08-29,2021-08-29 01:08:00+00:00,2021-08-28,18,0,2021-08-29,LAA_SDP,2021-08-29,2021-08-29,2021-08-29|LAA|SDP
2021-09-02 02:10:00+00:00,LAD,ATL,barstool,Over,7.5,2021-09-02,2021-09-02 02:10:00+00:00,2021-09-01,19,0,2021-09-02,LAD_ATL,2021-09-02,2021-09-02,2021-09-02|ATL|LAD
2021-09-03 00:11:00+00:00,KCR,CLE,draftkings,Over,7.5,2021-09-03,2021-09-03 00:11:00+00:00,2021-09-02,19,0,2021-09-03,KCR_CLE,2021-09-03,2021-09-03,2021-09-03|CLE|KCR
2021-09-07 01:08:00+00:00,LAA,TEX,barstool,Over,8.5,2021-09-07,2021-09-07 01:08:00+00:00,2021-09-06,18,0,2021-09-07,LAA_TEX,2021-09-07,2021-09-07,2021-09-07|LAA|TEX
2021-09-16 16:20:00+00:00,ATL,COL,betmgm,Over,8.5,2021-09-16,2021-09-16 16:20:00+00:00,2021-09-16,12,1,2021-09-16,ATL_COL,2021-09-16,2021-09-16,2021-09-16|ATL|COL
2021-09-17 00:05:00+00:00,TEX,HOU,betmgm,Over,8.5,2021-09-17,2021-09-17 00:05:00+00:00,2021-09-16,19,0,2021-09-17,TEX_HOU,2021-09-17,2021-09-17,2021-09-17|HOU|TEX
2021-09-24 01:38:00+00:00,LAA,HOU,betmgm,Over,8.5,2021-09-24,2021-09-24 01:38:00+00:00,2021-09-23,18,0,2021-09-24,LAA_HOU,2021-09-24,2021-09-24,2021-09-24|HOU|LAA
2021-09-30 00:10:00+00:00,CHW,CIN,barstool,Over,7.5,2021-09-30,2021-09-30 00:10:00+00:00,2021-09-29,19,0,2021-09-30,CHW_CIN,2021-09-30,2021-09-30,2021-09-30|CHW|CIN
2021-09-30 02:10:00+00:00,SEA,ATH,barstool,Over,7.5,2021-09-30,2021-09-30 02:10:00+00:00,2021-09-29,19,0,2021-09-30,SEA_ATH,2021-09-30,2021-09-30,2021-09-30|ATH|SEA
2021-10-01 00:11:00+00:00,KCR,CLE,barstool,Over,8.5,2021-10-01,2021-10-01 00:11:00+00:00,2021-09-30,19,0,2021-10-01,KCR_CLE,2021-10-01,2021-10-01,2021-10-01|CLE|KCR
2021-10-01 01:46:00+00:00,SFG,ARI,barstool,Over,8.5,2021-10-01,2021-10-01 01:46:00+00:00,2021-09-30,18,0,2021-10-01,SFG_ARI,2021-10-01,2021-10-01,2021-10-01|ARI|SFG
2021-10-01 02:10:00+00:00,LAD,SDP,barstool,Over,8.5,2021-10-01,2021-10-01 02:10:00+00:00,2021-09-30,19,0,2021-10-01,LAD_SDP,2021-10-01,2021-10-01,2021-10-01|LAD|SDP
2022-04-11 18:16:00+00:00,STL,PIT,barstool,Over,7.5,2022-04-11,2022-04-11 18:16:00+00:00,2022-04-11,13,1,2022-04-11,STL_PIT,2022-04-11,2022-04-11,2022-04-11|PIT|STL
2022-04-13 00:06:00+00:00,TEX,COL,barstool,Over,10.5,2022-04-13,2022-04-13 00:06:00+00:00,2022-04-12,19,0,2022-04-13,TEX_COL,2022-04-13,2022-04-13,2022-04-13|COL|TEX
2022-04-13 17:16:00+00:00,STL,KCR,barstool,Over,8.5,2022-04-13,2022-04-13 17:16:00+00:00,2022-04-13,12,1,2022-04-13,STL_KCR,2022-04-13,2022-04-13,2022-04-13|KCR|STL
2022-04-17 18:11:00+00:00,KCR,DET,barstool,Over,7.5,2022-04-17,2022-04-17 18:11:00+00:00,2022-04-17,13,1,2022-04-17,KCR_DET,2022-04-17,2022-04-17,2022-04-17|DET|KCR
2022-04-22 01:41:00+00:00,SEA,TEX,betmgm,Over,7.5,2022-04-22,2022-04-22 01:41:00+00:00,2022-04-21,18,0,2022-04-22,SEA_TEX,2022-04-22,2022-04-22,2022-04-22|SEA|TEX
2022-05-11 00:11:00+00:00,CHW,CLE,barstool,Over,7.5,2022-05-11,2022-05-11 00:11:00+00:00,2022-05-10,19,0,2022-05-11,CHW_CLE,2022-05-11,2022-05-11,2022-05-11|CHW|CLE
2022-05-11 18:11:00+00:00,CHW,CLE,barstool,Over,8.5,2022-05-11,2022-05-11 18:11:00+00:00,2022-05-11,13,1,2022-05-11,CHW_CLE,2022-05-11,2022-05-11,2022-05-11|CHW|CLE
2022-05-13 00:06:00+00:00,TEX,KCR,barstool,Over,7.5,2022-05-13,2022-05-13 00:06:00+00:00,2022-05-12,19,0,2022-05-13,TEX_KCR,2022-05-13,2022-05-13,2022-05-13|KCR|TEX
2022-05-19 00:05:00+00:00,TEX,LAA,barstool,Over,7.5,2022-05-19,2022-05-19 00:05:00+00:00,2022-05-18,19,0,2022-05-19,TEX_LAA,2022-05-19,2022-05-19,2022-05-19|LAA|TEX
2022-05-25 01:41:00+00:00,ARI,KCR,barstool,Over,8.5,2022-05-25,2022-05-25 01:41:00+00:00,2022-05-24,18,0,2022-05-25,ARI_KCR,2022-05-25,2022-05-25,2022-05-25|ARI|KCR
2022-05-26 00:11:00+00:00,HOU,CLE,barstool,Over,7.5,2022-05-26,2022-05-26 00:11:00+00:00,2022-05-25,19,0,2022-05-26,HOU_CLE,2022-05-26,2022-05-26,2022-05-26|CLE|HOU
2022-05-26 01:39:00+00:00,LAA,TEX,barstool,Over,8.5,2022-05-26,2022-05-26 01:39:00+00:00,2022-05-25,18,0,2022-05-26,LAA_TEX,2022-05-26,2022-05-26,2022-05-26|LAA|TEX
2022-05-27 00:11:00+00:00,CHW,BOS,barstool,Over,8.5,2022-05-27,2022-05-27 00:11:00+00:00,2022-05-26,19,0,2022-05-27,CHW_BOS,2022-05-27,2022-05-27,2022-05-27|BOS|CHW
2022-06-02 00:05:00+00:00,CHC,MIL,barstool,Over,7.5,2022-06-02,2022-06-02 00:05:00+00:00,2022-06-01,19,0,2022-06-02,CHC_MIL,2022-06-02,2022-06-02,2022-06-02|CHC|MIL
2022-06-02 00:11:00+00:00,LAD,PIT,barstool,Over,8.5,2022-06-02,2022-06-02 00:11:00+00:00,2022-06-01,17,0,2022-06-02,LAD_PIT,2022-06-02,2022-06-02,2022-06-02|LAD|PIT
2022-06-08 23:06:00+00:00,BAL,CHC,barstool,Over,8.5,2022-06-08,2022-06-08 23:06:00+00:00,2022-06-08,19,0,2022-06-08,BAL_CHC,2022-06-08,2022-06-08,2022-06-08|BAL|CHC
2022-06-09 01:41:00+00:00,SDP,NYM,barstool,Over,6.5,2022-06-09,2022-06-09 01:41:00+00:00,2022-06-08,18,0,2022-06-09,SDP_NYM,2022-06-09,2022-06-09,2022-06-09|NYM|SDP
2022-06-10 01:39:00+00:00,LAA,BOS,barstool,Over,7.5,2022-06-10,2022-06-10 01:39:00+00:00,2022-06-09,18,0,2022-06-10,LAA_BOS,2022-06-10,2022-06-10,2022-06-10|BOS|LAA
2022-06-16 02:11:00+00:00,LAD,LAA,barstool,Over,8.5,2022-06-16,2022-06-16 02:11:00+00:00,2022-06-15,19,0,2022-06-16,LAD_LAA,2022-06-16,2022-06-16,2022-06-16|LAA|LAD
2022-06-23 01:50:00+00:00,LAA,KCR,barstool,Over,8.5,2022-06-23,2022-06-23 01:50:00+00:00,2022-06-22,18,0,2022-06-23,LAA_KCR,2022-06-23,2022-06-23,2022-06-23|KCR|LAA
2022-06-30 00:41:00+00:00,COL,LAD,barstool,Over,10.5,2022-06-30,2022-06-30 00:41:00+00:00,2022-06-29,18,0,2022-06-30,COL_LAD,2022-06-30,2022-06-30,2022-06-30|COL|LAD
2022-06-30 01:38:00+00:00,LAA,CHW,barstool,Over,7.5,2022-06-30,2022-06-30 01:38:00+00:00,2022-06-29,18,0,2022-06-30,LAA_CHW,2022-06-30,2022-06-30,2022-06-30|CHW|LAA
2022-07-01 00:06:00+00:00,CHC,CIN,barstool,Over,9.5,2022-07-01,2022-07-01 00:06:00+00:00,2022-06-30,19,0,2022-07-01,CHC_CIN,2022-07-01,2022-07-01,2022-07-01|CHC|CIN
2022-07-07 01:41:00+00:00,ARI,SFG,barstool,Over,8.5,2022-07-07,2022-07-07 01:41:00+00:00,2022-07-06,18,0,2022-07-07,ARI_SFG,2022-07-07,2022-07-07,2022-07-07|ARI|SFG
2022-07-07 02:11:00+00:00,LAD,COL,barstool,Over,9.5,2022-07-07,2022-07-07 02:11:00+00:00,2022-07-06,19,0,2022-07-07,LAD_COL,2022-07-07,2022-07-07,2022-07-07|COL|LAD
2022-07-14 00:06:00+00:00,CHC,BAL,barstool,Over,7.5,2022-07-14,2022-07-14 00:06:00+00:00,2022-07-13,19,0,2022-07-14,CHC_BAL,2022-07-14,2022-07-14,2022-07-14|BAL|CHC
2022-07-14 00:06:00+00:00,TEX,ATH,barstool,Over,7.5,2022-07-14,2022-07-14 00:06:00+00:00,2022-07-13,19,0,2022-07-14,TEX_ATH,2022-07-14,2022-07-14,2022-07-14|ATH|TEX
2022-07-15 00:08:00+00:00,LAA,HOU,barstool,Over,7.5,2022-07-15,2022-07-15 00:08:00+00:00,2022-07-14,17,0,2022-07-15,LAA_HOU,2022-07-15,2022-07-15,2022-07-15|HOU|LAA
2022-07-17 02:08:00+00:00,LAA,LAD,barstool,Over,8.5,2022-07-17,2022-07-17 02:08:00+00:00,2022-07-16,19,0,2022-07-17,LAA_LAD,2022-07-17,2022-07-17,2022-07-17|LAA|LAD
2022-07-17 18:16:00+00:00,STL,CIN,betmgm,Over,8.5,2022-07-17,2022-07-17 18:16:00+00:00,2022-07-17,13,1,2022-07-17,STL_CIN,2022-07-17,2022-07-17,2022-07-17|CIN|STL
2022-07-26 00:11:00+00:00,MIL,COL,barstool,Over,8.5,2022-07-26,2022-07-26 00:11:00+00:00,2022-07-25,19,0,2022-07-26,MIL_COL,2022-07-26,2022-07-26,2022-07-26|COL|MIL
2022-08-10 23:06:00+00:00,BAL,TOR,barstool,Over,8.5,2022-08-10,2022-08-10 23:06:00+00:00,2022-08-10,19,0,2022-08-10,BAL_TOR,2022-08-10,2022-08-10,2022-08-10|BAL|TOR
2022-08-11 02:10:00+00:00,LAD,MIN,barstool,Over,8.5,2022-08-11,2022-08-11 02:10:00+00:00,2022-08-10,19,0,2022-08-11,LAD_MIN,2022-08-11,2022-08-11,2022-08-11|LAD|MIN
2022-08-21 16:06:00+00:00,CLE,CHW,barstool,Over,7.5,2022-08-21,2022-08-21 16:06:00+00:00,2022-08-21,12,1,2022-08-21,CLE_CHW,2022-08-21,2022-08-21,2022-08-21|CHW|CLE
2022-08-25 00:11:00+00:00,KCR,ARI,barstool,Over,7.5,2022-08-25,2022-08-25 00:11:00+00:00,2022-08-24,19,0,2022-08-25,KCR_ARI,2022-08-25,2022-08-25,2022-08-25|ARI|KCR
2022-08-25 01:01:00+00:00,LAD,MIL,barstool,Over,8.5,2022-08-25,2022-08-25 01:01:00+00:00,2022-08-24,18,0,2022-08-25,LAD_MIL,2022-08-25,2022-08-25,2022-08-25|LAD|MIL
2022-08-26 00:11:00+00:00,HOU,MIN,barstool,Over,8.5,2022-08-26,2022-08-26 00:11:00+00:00,2022-08-25,19,0,2022-08-26,HOU_MIN,2022-08-26,2022-08-26,2022-08-26|HOU|MIN
2022-09-01 01:39:00+00:00,LAA,NYY,barstool,Over,7.5,2022-09-01,2022-09-01 01:39:00+00:00,2022-08-31,18,0,2022-09-01,LAA_NYY,2022-09-01,2022-09-01,2022-09-01|LAA|NYY
2022-09-01 01:41:00+00:00,ARI,PHI,barstool,Over,8.5,2022-09-01,2022-09-01 01:41:00+00:00,2022-08-31,18,0,2022-09-01,ARI_PHI,2022-09-01,2022-09-01,2022-09-01|ARI|PHI
2022-09-08 00:11:00+00:00,HOU,TEX,barstool,Over,7.5,2022-09-08,2022-09-08 00:11:00+00:00,2022-09-07,19,0,2022-09-08,HOU_TEX,2022-09-08,2022-09-08,2022-09-08|HOU|TEX
2022-09-08 00:11:00+00:00,KCR,CLE,barstool,Over,7.5,2022-09-08,2022-09-08 00:11:00+00:00,2022-09-07,19,0,2022-09-08,KCR_CLE,2022-09-08,2022-09-08,2022-09-08|CLE|KCR
2022-09-08 00:41:00+00:00,SDP,ARI,barstool,Over,7.5,2022-09-08,2022-09-08 00:41:00+00:00,2022-09-07,17,0,2022-09-08,SDP_ARI,2022-09-08,2022-09-08,2022-09-08|ARI|SDP
2022-09-15 00:06:00+00:00,TEX,ATH,barstool,Over,7.5,2022-09-15,2022-09-15 00:06:00+00:00,2022-09-14,19,0,2022-09-15,TEX_ATH,2022-09-15,2022-09-15,2022-09-15|ATH|TEX
2022-09-15 01:40:00+00:00,ARI,LAD,barstool,Over,8.5,2022-09-15,2022-09-15 01:40:00+00:00,2022-09-14,18,0,2022-09-15,ARI_LAD,2022-09-15,2022-09-15,2022-09-15|ARI|LAD
2022-09-23 00:11:00+00:00,CHW,CLE,barstool,Over,7.5,2022-09-23,2022-09-23 00:11:00+00:00,2022-09-22,19,0,2022-09-23,CHW_CLE,2022-09-23,2022-09-23,2022-09-23|CHW|CLE
2022-09-23 02:11:00+00:00,LAD,ARI,barstool,Over,6.5,2022-09-23,2022-09-23 02:11:00+00:00,2022-09-22,19,0,2022-09-23,LAD_ARI,2022-09-23,2022-09-23,2022-09-23|ARI|LAD
2022-09-29 00:11:00+00:00,HOU,ARI,barstool,Over,6.5,2022-09-29,2022-09-29 00:11:00+00:00,2022-09-28,19,0,2022-09-29,HOU_ARI,2022-09-29,2022-09-29,2022-09-29|ARI|HOU
2022-09-30 01:39:00+00:00,LAA,ATH,barstool,Over,6.5,2022-09-30,2022-09-30 01:39:00+00:00,2022-09-29,18,0,2022-09-30,LAA_ATH,2022-09-30,2022-09-30,2022-09-30|ATH|LAA
2022-09-30 01:41:00+00:00,SEA,TEX,barstool,Over,6.5,2022-09-30,2022-09-30 01:41:00+00:00,2022-09-29,18,0,2022-09-30,SEA_TEX,2022-09-30,2022-09-30,2022-09-30|SEA|TEX
2022-09-30 01:46:00+00:00,SFG,COL,barstool,Over,6.5,2022-09-30,2022-09-30 01:46:00+00:00,2022-09-29,18,0,2022-09-30,SFG_COL,2022-09-30,2022-09-30,2022-09-30|COL|SFG
2023-04-05 02:10:00+00:00,LAD,COL,barstool,Over,7.5,2023-04-05,2023-04-05 02:10:00+00:00,2023-04-04,19,0,2023-04-05,LAD_COL,2023-04-05,2023-04-05,2023-04-05|COL|LAD
2023-04-05 16:35:00+00:00,CIN,CHC,barstool,Over,7.5,2023-04-05,2023-04-05 16:35:00+00:00,2023-04-05,12,1,2023-04-05,CIN_CHC,2023-04-05,2023-04-05,2023-04-05|CHC|CIN
2023-04-13 00:05:00+00:00,TEX,KCR,barstool,Over,8.5,2023-04-13,2023-04-13 00:05:00+00:00,2023-04-12,19,0,2023-04-13,TEX_KCR,2023-04-13,2023-04-13,2023-04-13|KCR|TEX
2023-04-13 01:45:00+00:00,SFG,LAD,barstool,Over,7.5,2023-04-13,2023-04-13 01:45:00+00:00,2023-04-12,18,0,2023-04-13,SFG_LAD,2023-04-13,2023-04-13,2023-04-13|LAD|SFG
2023-04-16 17:10:00+00:00,DET,SFG,barstool,Over,7.5,2023-04-16,2023-04-16 17:10:00+00:00,2023-04-16,13,1,2023-04-16,DET_SFG,2023-04-16,2023-04-16,2023-04-16|DET|SFG
2023-04-20 00:10:00+00:00,HOU,TOR,barstool,Over,9.5,2023-04-20,2023-04-20 00:10:00+00:00,2023-04-19,19,0,2023-04-20,HOU_TOR,2023-04-20,2023-04-20,2023-04-20|HOU|TOR
2023-05-18 00:05:00+00:00,TEX,ATL,barstool,Over,7.5,2023-05-18,2023-05-18 00:05:00+00:00,2023-05-17,19,0,2023-05-18,TEX_ATL,2023-05-18,2023-05-18,2023-05-18|ATL|TEX
2023-05-18 00:10:00+00:00,HOU,CHC,barstool,Over,8.5,2023-05-18,2023-05-18 00:10:00+00:00,2023-05-17,19,0,2023-05-18,HOU_CHC,2023-05-18,2023-05-18,2023-05-18|CHC|HOU
2023-05-25 01:38:00+00:00,LAA,BOS,barstool,Over,8.5,2023-05-25,2023-05-25 01:38:00+00:00,2023-05-24,18,0,2023-05-25,LAA_BOS,2023-05-25,2023-05-25,2023-05-25|BOS|LAA
2023-05-26 01:40:00+00:00,SEA,ATH,barstool,Over,7.5,2023-05-26,2023-05-26 01:40:00+00:00,2023-05-25,18,0,2023-05-26,SEA_ATH,2023-05-26,2023-05-26,2023-05-26|ATH|SEA
2023-06-01 00:10:00+00:00,HOU,MIN,barstool,Over,7.5,2023-06-01,2023-06-01 00:10:00+00:00,2023-05-31,19,0,2023-06-01,HOU_MIN,2023-06-01,2023-06-01,2023-06-01|HOU|MIN
2023-06-01 01:40:00+00:00,SEA,NYY,barstool,Over,7.5,2023-06-01,2023-06-01 01:40:00+00:00,2023-05-31,18,0,2023-06-01,SEA_NYY,2023-06-01,2023-06-01,2023-06-01|NYY|SEA
2023-06-06 01:10:00+00:00,SDP,CHC,barstool,Over,8.5,2023-06-06,2023-06-06 01:10:00+00:00,2023-06-05,18,0,2023-06-06,SDP_CHC,2023-06-06,2023-06-06,2023-06-06|CHC|SDP
2023-06-08 00:05:00+00:00,TEX,STL,barstool,Over,9.5,2023-06-08,2023-06-08 00:05:00+00:00,2023-06-07,19,0,2023-06-08,TEX_STL,2023-06-08,2023-06-08,2023-06-08|STL|TEX
2023-06-08 17:05:00+00:00,WSN,ARI,barstool,Over,8.5,2023-06-08,2023-06-08 17:05:00+00:00,2023-06-08,13,1,2023-06-08,WSN_ARI,2023-06-08,2023-06-08,2023-06-08|ARI|WSN
2023-06-09 01:38:00+00:00,LAA,CHC,barstool,Over,8.5,2023-06-09,2023-06-09 01:38:00+00:00,2023-06-08,18,0,2023-06-09,LAA_CHC,2023-06-09,2023-06-09,2023-06-09|CHC|LAA
2023-06-15 00:10:00+00:00,KCR,CIN,barstool,Over,9.5,2023-06-15,2023-06-15 00:10:00+00:00,2023-06-14,19,0,2023-06-15,KCR_CIN,2023-06-15,2023-06-15,2023-06-15|CIN|KCR
2023-06-15 01:40:00+00:00,SEA,MIA,barstool,Over,6.5,2023-06-15,2023-06-15 01:40:00+00:00,2023-06-14,18,0,2023-06-15,SEA_MIA,2023-06-15,2023-06-15,2023-06-15|MIA|SEA
2023-06-16 00:05:00+00:00,TEX,LAA,barstool,Over,8.5,2023-06-16,2023-06-16 00:05:00+00:00,2023-06-15,19,0,2023-06-16,TEX_LAA,2023-06-16,2023-06-16,2023-06-16|LAA|TEX
2023-06-16 00:10:00+00:00,HOU,WSN,barstool,Over,8.5,2023-06-16,2023-06-16 00:10:00+00:00,2023-06-15,19,0,2023-06-16,HOU_WSN,2023-06-16,2023-06-16,2023-06-16|HOU|WSN
2023-06-16 00:40:00+00:00,SDP,CLE,barstool,Over,8.5,2023-06-16,2023-06-16 00:40:00+00:00,2023-06-15,17,0,2023-06-16,SDP_CLE,2023-06-16,2023-06-16,2023-06-16|CLE|SDP
2023-06-16 02:10:00+00:00,LAD,CHW,barstool,Over,8.5,2023-06-16,2023-06-16 02:10:00+00:00,2023-06-15,19,0,2023-06-16,LAD_CHW,2023-06-16,2023-06-16,2023-06-16|CHW|LAD
2023-06-22 00:10:00+00:00,CHW,TEX,barstool,Over,9.5,2023-06-22,2023-06-22 00:10:00+00:00,2023-06-21,19,0,2023-06-22,CHW_TEX,2023-06-22,2023-06-22,2023-06-22|CHW|TEX
2023-06-30 00:05:00+00:00,CHC,PHI,barstool,Over,8.5,2023-06-30,2023-06-30 00:05:00+00:00,2023-06-29,19,0,2023-06-30,CHC_PHI,2023-06-30,2023-06-30,2023-06-30|CHC|PHI
2023-06-30 00:40:00+00:00,COL,LAD,barstool,Over,12.5,2023-06-30,2023-06-30 00:40:00+00:00,2023-06-29,18,0,2023-06-30,COL_LAD,2023-06-30,2023-06-30,2023-06-30|COL|LAD
2023-07-06 00:40:00+00:00,SDP,LAA,barstool,Over,8.5,2023-07-06,2023-07-06 00:40:00+00:00,2023-07-05,17,0,2023-07-06,SDP_LAA,2023-07-06,2023-07-06,2023-07-06|LAA|SDP
2023-07-06 01:05:00+00:00,SFG,SEA,barstool,Over,7.5,2023-07-06,2023-07-06 01:05:00+00:00,2023-07-05,18,0,2023-07-06,SFG_SEA,2023-07-06,2023-07-06,2023-07-06|SEA|SFG
2023-07-07 01:40:00+00:00,ARI,NYM,barstool,Over,9.5,2023-07-07,2023-07-07 01:40:00+00:00,2023-07-06,18,0,2023-07-07,ARI_NYM,2023-07-07,2023-07-07,2023-07-07|ARI|NYM
2023-07-07 02:10:00+00:00,LAD,PIT,barstool,Over,8.5,2023-07-07,2023-07-07 02:10:00+00:00,2023-07-06,19,0,2023-07-07,LAD_PIT,2023-07-07,2023-07-07,2023-07-07|LAD|PIT
2023-07-20 00:05:00+00:00,CHC,WSN,barstool,Over,8.5,2023-07-20,2023-07-20 00:05:00+00:00,2023-07-19,19,0,2023-07-20,CHC_WSN,2023-07-20,2023-07-20,2023-07-20|CHC|WSN
2023-07-27 00:10:00+00:00,CHW,CHC,barstool,Over,8.5,2023-07-27,2023-07-27 00:10:00+00:00,2023-07-26,19,0,2023-07-27,CHW_CHC,2023-07-27,2023-07-27,2023-07-27|CHC|CHW
2023-07-27 00:10:00+00:00,HOU,TEX,barstool,Over,8.5,2023-07-27,2023-07-27 00:10:00+00:00,2023-07-26,19,0,2023-07-27,HOU_TEX,2023-07-27,2023-07-27,2023-07-27|HOU|TEX
2023-08-04 00:05:00+00:00,CHC,CIN,barstool,Over,9.5,2023-08-04,2023-08-04 00:05:00+00:00,2023-08-03,19,0,2023-08-04,CHC_CIN,2023-08-04,2023-08-04,2023-08-04|CHC|CIN
2023-08-04 02:10:00+00:00,LAD,ATH,barstool,Over,8.5,2023-08-04,2023-08-04 02:10:00+00:00,2023-08-03,19,0,2023-08-04,LAD_ATH,2023-08-04,2023-08-04,2023-08-04|ATH|LAD
2023-08-10 01:38:00+00:00,LAA,SFG,draftkings,Over,7.5,2023-08-10,2023-08-10 01:38:00+00:00,2023-08-09,18,0,2023-08-10,LAA_SFG,2023-08-10,2023-08-10,2023-08-10|LAA|SFG
2023-08-10 01:40:00+00:00,ARI,LAD,barstool,Over,8.5,2023-08-10,2023-08-10 01:40:00+00:00,2023-08-09,18,0,2023-08-10,ARI_LAD,2023-08-10,2023-08-10,2023-08-10|ARI|LAD
2023-08-10 01:40:00+00:00,SEA,SDP,draftkings,Over,7.5,2023-08-10,2023-08-10 01:40:00+00:00,2023-08-09,18,0,2023-08-10,SEA_SDP,2023-08-10,2023-08-10,2023-08-10|SDP|SEA
2023-08-17 00:05:00+00:00,TEX,LAA,betmgm,Over,8.5,2023-08-17,2023-08-17 00:05:00+00:00,2023-08-16,19,0,2023-08-17,TEX_LAA,2023-08-17,2023-08-17,2023-08-17|LAA|TEX
2023-08-17 00:40:00+00:00,SDP,BAL,betmgm,Over,7.5,2023-08-17,2023-08-17 00:40:00+00:00,2023-08-16,17,0,2023-08-17,SDP_BAL,2023-08-17,2023-08-17,2023-08-17|BAL|SDP
2023-08-18 02:10:00+00:00,LAD,MIL,barstool,Over,8.5,2023-08-18,2023-08-18 02:10:00+00:00,2023-08-17,19,0,2023-08-18,LAD_MIL,2023-08-18,2023-08-18,2023-08-18|LAD|MIL
2023-08-20 00:40:00+00:00,SDP,ARI,draftkings,Over,8.5,2023-08-20,2023-08-20 00:40:00+00:00,2023-08-19,17,0,2023-08-20,SDP_ARI,2023-08-20,2023-08-20,2023-08-20|ARI|SDP
2023-08-20 01:07:00+00:00,LAA,TBR,draftkings,Over,7.5,2023-08-20,2023-08-20 01:07:00+00:00,2023-08-19,18,0,2023-08-20,LAA_TBR,2023-08-20,2023-08-20,2023-08-20|LAA|TBR
2023-08-20 01:10:00+00:00,LAD,MIA,draftkings,Over,8.5,2023-08-20,2023-08-20 01:10:00+00:00,2023-08-19,18,0,2023-08-20,LAD_MIA,2023-08-20,2023-08-20,2023-08-20|LAD|MIA
2023-08-23 01:40:00+00:00,ARI,TEX,barstool,Over,8.5,2023-08-23,2023-08-23 01:40:00+00:00,2023-08-22,18,0,2023-08-23,ARI_TEX,2023-08-23,2023-08-23,2023-08-23|ARI|TEX
2023-08-31 00:10:00+00:00,KCR,PIT,barstool,Over,8.5,2023-08-31,2023-08-31 00:10:00+00:00,2023-08-30,19,0,2023-08-31,KCR_PIT,2023-08-31,2023-08-31,2023-08-31|KCR|PIT
2023-08-31 00:40:00+00:00,COL,ATL,barstool,Over,13.5,2023-08-31,2023-08-31 00:40:00+00:00,2023-08-30,18,0,2023-08-31,COL_ATL,2023-08-31,2023-08-31,2023-08-31|ATL|COL
2023-08-31 02:10:00+00:00,LAD,ARI,barstool,Over,9.5,2023-08-31,2023-08-31 02:10:00+00:00,2023-08-30,19,0,2023-08-31,LAD_ARI,2023-08-31,2023-08-31,2023-08-31|ARI|LAD
2023-09-07 00:05:00+00:00,TEX,HOU,barstool,Over,8.5,2023-09-07,2023-09-07 00:05:00+00:00,2023-09-06,19,0,2023-09-07,TEX_HOU,2023-09-07,2023-09-07,2023-09-07|HOU|TEX
2023-09-07 01:38:00+00:00,LAA,BAL,barstool,Over,8.5,2023-09-07,2023-09-07 01:38:00+00:00,2023-09-06,18,0,2023-09-07,LAA_BAL,2023-09-07,2023-09-07,2023-09-07|BAL|LAA
2023-09-11 00:10:00+00:00,SFG,COL,barstool,Over,7.5,2023-09-11,2023-09-11 00:10:00+00:00,2023-09-10,17,0,2023-09-11,SFG_COL,2023-09-11,2023-09-11,2023-09-11|COL|SFG
2023-09-14 02:10:00+00:00,LAD,SDP,betmgm,Over,8.5,2023-09-14,2023-09-14 02:10:00+00:00,2023-09-13,19,0,2023-09-14,LAD_SDP,2023-09-14,2023-09-14,2023-09-14|LAD|SDP
2023-09-21 02:10:00+00:00,LAD,DET,barstool,Over,8.5,2023-09-21,2023-09-21 02:10:00+00:00,2023-09-20,19,0,2023-09-21,LAD_DET,2023-09-21,2023-09-21,2023-09-21|DET|LAD
2023-09-28 01:38:00+00:00,LAA,TEX,barstool,Over,8.5,2023-09-28,2023-09-28 01:38:00+00:00,2023-09-27,18,0,2023-09-28,LAA_TEX,2023-09-28,2023-09-28,2023-09-28|LAA|TEX
2023-09-28 01:40:00+00:00,SEA,HOU,barstool,Over,7.5,2023-09-28,2023-09-28 01:40:00+00:00,2023-09-27,18,0,2023-09-28,SEA_HOU,2023-09-28,2023-09-28,2023-09-28|HOU|SEA
2023-09-28 01:45:00+00:00,SFG,SDP,barstool,Over,8.5,2023-09-28,2023-09-28 01:45:00+00:00,2023-09-27,18,0,2023-09-28,SFG_SDP,2023-09-28,2023-09-28,2023-09-28|SDP|SFG
2024-04-04 00:10:00+00:00,HOU,TOR,betmgm,Over,8.5,2024-04-04,2024-04-04 00:10:00+00:00,2024-04-03,19,0,2024-04-04,HOU_TOR,2024-04-04,2024-04-04,2024-04-04|HOU|TOR
2024-04-04 02:10:00+00:00,LAD,SFG,betmgm,Over,8.5,2024-04-04,2024-04-04 02:10:00+00:00,2024-04-03,19,0,2024-04-04,LAD_SFG,2024-04-04,2024-04-04,2024-04-04|LAD|SFG
2024-04-07 18:10:00+00:00,MIN,CLE,betmgm,Over,7.5,2024-04-07,2024-04-07 18:10:00+00:00,2024-04-07,13,1,2024-04-07,MIN_CLE,2024-04-07,2024-04-07,2024-04-07|CLE|MIN
2024-04-09 00:05:00+00:00,TEX,HOU,betmgm,Over,9.5,2024-04-09,2024-04-09 00:05:00+00:00,2024-04-08,19,0,2024-04-09,TEX_HOU,2024-04-09,2024-04-09,2024-04-09|HOU|TEX
2024-04-11 17:10:00+00:00,CIN,MIL,betmgm,Over,8.5,2024-04-11,2024-04-11 17:10:00+00:00,2024-04-11,13,1,2024-04-11,CIN_MIL,2024-04-11,2024-04-11,2024-04-11|CIN|MIL
2024-04-22 00:10:00+00:00,COL,SEA,betmgm,Over,10.5,2024-04-22,2024-04-22 00:10:00+00:00,2024-04-21,18,0,2024-04-22,COL_SEA,2024-04-22,2024-04-22,2024-04-22|COL|SEA
2024-05-02 01:40:00+00:00,ARI,LAD,betmgm,Over,8.5,2024-05-02,2024-05-02 01:40:00+00:00,2024-05-01,18,0,2024-05-02,ARI_LAD,2024-05-02,2024-05-02,2024-05-02|ARI|LAD
2024-05-03 00:10:00+00:00,HOU,CLE,betmgm,Over,9.5,2024-05-03,2024-05-03 00:10:00+00:00,2024-05-02,19,0,2024-05-03,HOU_CLE,2024-05-03,2024-05-03,2024-05-03|CLE|HOU
2024-05-08 17:15:00+00:00,STL,NYM,betmgm,Over,7.5,2024-05-08,2024-05-08 17:15:00+00:00,2024-05-08,12,1,2024-05-08,STL_NYM,2024-05-08,2024-05-08,2024-05-08|NYM|STL
2024-05-16 00:05:00+00:00,TEX,CLE,betmgm,Over,8.5,2024-05-16,2024-05-16 00:05:00+00:00,2024-05-15,19,0,2024-05-16,TEX_CLE,2024-05-16,2024-05-16,2024-05-16|CLE|TEX
2024-05-16 01:07:00+00:00,LAA,STL,betmgm,Over,8.5,2024-05-16,2024-05-16 01:07:00+00:00,2024-05-15,18,0,2024-05-16,LAA_STL,2024-05-16,2024-05-16,2024-05-16|LAA|STL
2024-05-16 01:45:00+00:00,SFG,LAD,betrivers,Over,7.5,2024-05-16,2024-05-16 01:45:00+00:00,2024-05-15,18,0,2024-05-16,SFG_LAD,2024-05-16,2024-05-16,2024-05-16|LAD|SFG
2024-05-17 00:10:00+00:00,HOU,ATH,betmgm,Over,8.5,2024-05-17,2024-05-17 00:10:00+00:00,2024-05-16,19,0,2024-05-17,HOU_ATH,2024-05-17,2024-05-17,2024-05-17|ATH|HOU
2024-05-23 02:10:00+00:00,LAD,ARI,betmgm,Over,7.5,2024-05-23,2024-05-23 02:10:00+00:00,2024-05-22,19,0,2024-05-23,LAD_ARI,2024-05-23,2024-05-23,2024-05-23|ARI|LAD
2024-05-30 00:40:00+00:00,COL,CLE,betmgm,Over,10.5,2024-05-30,2024-05-30 00:40:00+00:00,2024-05-29,18,0,2024-05-30,COL_CLE,2024-05-30,2024-05-30,2024-05-30|CLE|COL
2024-05-31 01:38:00+00:00,LAA,NYY,betmgm,Over,8.5,2024-05-31,2024-05-31 01:38:00+00:00,2024-05-30,18,0,2024-05-31,LAA_NYY,2024-05-31,2024-05-31,2024-05-31|LAA|NYY
2024-06-06 00:05:00+00:00,CHC,CHW,betmgm,Over,8.5,2024-06-06,2024-06-06 00:05:00+00:00,2024-06-05,19,0,2024-06-06,CHC_CHW,2024-06-06,2024-06-06,2024-06-06|CHC|CHW
2024-06-06 00:05:00+00:00,TEX,DET,betmgm,Over,8.5,2024-06-06,2024-06-06 00:05:00+00:00,2024-06-05,19,0,2024-06-06,TEX_DET,2024-06-06,2024-06-06,2024-06-06|DET|TEX
2024-06-06 01:38:00+00:00,LAA,SDP,betmgm,Over,7.5,2024-06-06,2024-06-06 01:38:00+00:00,2024-06-05,18,0,2024-06-06,LAA_SDP,2024-06-06,2024-06-06,2024-06-06|LAA|SDP
2024-06-14 01:40:00+00:00,ARI,LAA,betmgm,Over,8.5,2024-06-14,2024-06-14 01:40:00+00:00,2024-06-13,18,0,2024-06-14,ARI_LAA,2024-06-14,2024-06-14,2024-06-14|ARI|LAA
2024-06-14 01:40:00+00:00,SEA,CHW,betmgm,Over,6.5,2024-06-14,2024-06-14 01:40:00+00:00,2024-06-13,18,0,2024-06-14,SEA_CHW,2024-06-14,2024-06-14,2024-06-14|CHW|SEA
2024-06-14 02:10:00+00:00,LAD,TEX,betrivers,Over,8.5,2024-06-14,2024-06-14 02:10:00+00:00,2024-06-13,19,0,2024-06-14,LAD_TEX,2024-06-14,2024-06-14,2024-06-14|LAD|TEX
2024-06-20 00:05:00+00:00,TEX,NYM,betmgm,Over,8.5,2024-06-20,2024-06-20 00:05:00+00:00,2024-06-19,19,0,2024-06-20,TEX_NYM,2024-06-20,2024-06-20,2024-06-20|NYM|TEX
2024-06-20 01:38:00+00:00,LAA,MIL,betmgm,Over,8.5,2024-06-20,2024-06-20 01:38:00+00:00,2024-06-19,18,0,2024-06-20,LAA_MIL,2024-06-20,2024-06-20,2024-06-20|LAA|MIL
2024-06-23 02:10:00+00:00,LAD,LAA,betmgm,Over,8.5,2024-06-23,2024-06-23 02:10:00+00:00,2024-06-22,19,0,2024-06-23,LAD_LAA,2024-06-23,2024-06-23,2024-06-23|LAA|LAD
2024-06-27 00:10:00+00:00,CHW,LAD,betmgm,Over,8.5,2024-06-27,2024-06-27 00:10:00+00:00,2024-06-26,19,0,2024-06-27,CHW_LAD,2024-06-27,2024-06-27,2024-06-27|CHW|LAD
2024-07-05 00:11:00+00:00,COL,MIL,betmgm,Over,10.5,2024-07-05,2024-07-05 00:11:00+00:00,2024-07-04,18,0,2024-07-05,COL_MIL,2024-07-05,2024-07-05,2024-07-05|COL|MIL
2024-07-05 00:11:00+00:00,KCR,TBR,betmgm,Over,8.5,2024-07-05,2024-07-05 00:11:00+00:00,2024-07-04,19,0,2024-07-05,KCR_TBR,2024-07-05,2024-07-05,2024-07-05|KCR|TBR
2024-07-05 01:11:00+00:00,LAD,ARI,betmgm,Over,8.5,2024-07-05,2024-07-05 01:11:00+00:00,2024-07-04,18,0,2024-07-05,LAD_ARI,2024-07-05,2024-07-05,2024-07-05|ARI|LAD
2024-07-11 01:39:00+00:00,LAA,TEX,betmgm,Over,8.5,2024-07-11,2024-07-11 01:39:00+00:00,2024-07-10,18,0,2024-07-11,LAA_TEX,2024-07-11,2024-07-11,2024-07-11|LAA|TEX
2024-07-12 00:11:00+00:00,HOU,MIA,betmgm,Over,8.5,2024-07-12,2024-07-12 00:11:00+00:00,2024-07-11,19,0,2024-07-12,HOU_MIA,2024-07-12,2024-07-12,2024-07-12|HOU|MIA
2024-07-12 01:41:00+00:00,ARI,ATL,betonlineag,Over,7.5,2024-07-12,2024-07-12 01:41:00+00:00,2024-07-11,18,0,2024-07-12,ARI_ATL,2024-07-12,2024-07-12,2024-07-12|ARI|ATL
2024-07-25 00:11:00+00:00,KCR,ARI,betmgm,Over,8.5,2024-07-25,2024-07-25 00:11:00+00:00,2024-07-24,19,0,2024-07-25,KCR_ARI,2024-07-25,2024-07-25,2024-07-25|ARI|KCR
2024-08-01 00:10:00+00:00,HOU,PIT,betmgm,Over,7.5,2024-08-01,2024-08-01 00:10:00+00:00,2024-07-31,19,0,2024-08-01,HOU_PIT,2024-08-01,2024-08-01,2024-08-01|HOU|PIT
2024-08-01 00:40:00+00:00,SDP,LAD,betmgm,Over,7.5,2024-08-01,2024-08-01 00:40:00+00:00,2024-07-31,17,0,2024-08-01,SDP_LAD,2024-08-01,2024-08-01,2024-08-01|LAD|SDP
2024-08-01 01:45:00+00:00,SFG,ATH,betmgm,Over,7.5,2024-08-01,2024-08-01 01:45:00+00:00,2024-07-31,18,0,2024-08-01,SFG_ATH,2024-08-01,2024-08-01,2024-08-01|ATH|SFG
2024-08-02 01:38:00+00:00,LAA,COL,betmgm,Over,8.5,2024-08-02,2024-08-02 01:38:00+00:00,2024-08-01,18,0,2024-08-02,LAA_COL,2024-08-02,2024-08-02,2024-08-02|COL|LAA
2024-08-08 00:11:00+00:00,KCR,BOS,betmgm,Over,8.5,2024-08-08,2024-08-08 00:11:00+00:00,2024-08-07,19,0,2024-08-08,KCR_BOS,2024-08-08,2024-08-08,2024-08-08|BOS|KCR
2024-08-08 02:11:00+00:00,LAD,PHI,betmgm,Over,8.5,2024-08-08,2024-08-08 02:11:00+00:00,2024-08-07,19,0,2024-08-08,LAD_PHI,2024-08-08,2024-08-08,2024-08-08|LAD|PHI
2024-08-09 01:41:00+00:00,SEA,DET,betrivers,Over,6.5,2024-08-09,2024-08-09 01:41:00+00:00,2024-08-08,18,0,2024-08-09,SEA_DET,2024-08-09,2024-08-09,2024-08-09|DET|SEA
2024-08-15 00:11:00+00:00,CHW,NYY,betmgm,Over,9.5,2024-08-15,2024-08-15 00:11:00+00:00,2024-08-14,19,0,2024-08-15,CHW_NYY,2024-08-15,2024-08-15,2024-08-15|CHW|NYY
2024-08-15 01:39:00+00:00,LAA,TOR,betmgm,Over,8.5,2024-08-15,2024-08-15 01:39:00+00:00,2024-08-14,18,0,2024-08-15,LAA_TOR,2024-08-15,2024-08-15,2024-08-15|LAA|TOR
2024-08-22 00:11:00+00:00,KCR,LAA,betmgm,Over,8.5,2024-08-22,2024-08-22 00:11:00+00:00,2024-08-21,19,0,2024-08-22,KCR_LAA,2024-08-22,2024-08-22,2024-08-22|KCR|LAA
2024-08-22 02:11:00+00:00,LAD,SEA,betmgm,Over,7.5,2024-08-22,2024-08-22 02:11:00+00:00,2024-08-21,19,0,2024-08-22,LAD_SEA,2024-08-22,2024-08-22,2024-08-22|LAD|SEA
2024-08-27 00:11:00+00:00,CHW,DET,betmgm,Over,8.5,2024-08-27,2024-08-27 00:11:00+00:00,2024-08-26,19,0,2024-08-27,CHW_DET,2024-08-27,2024-08-27,2024-08-27|CHW|DET
2024-08-30 02:11:00+00:00,LAD,BAL,betmgm,Over,8.5,2024-08-30,2024-08-30 02:11:00+00:00,2024-08-29,19,0,2024-08-30,LAD_BAL,2024-08-30,2024-08-30,2024-08-30|BAL|LAD
2024-09-05 00:06:00+00:00,TEX,NYY,betmgm,Over,8.5,2024-09-05,2024-09-05 00:06:00+00:00,2024-09-04,19,0,2024-09-05,TEX_NYY,2024-09-05,2024-09-05,2024-09-05|NYY|TEX
2024-09-05 01:39:00+00:00,LAA,LAD,betmgm,Over,9.5,2024-09-05,2024-09-05 01:39:00+00:00,2024-09-04,18,0,2024-09-05,LAA_LAD,2024-09-05,2024-09-05,2024-09-05|LAA|LAD
2024-09-06 00:41:00+00:00,SDP,DET,betmgm,Over,8.5,2024-09-06,2024-09-06 00:41:00+00:00,2024-09-05,17,0,2024-09-06,SDP_DET,2024-09-06,2024-09-06,2024-09-06|DET|SDP
2024-09-12 01:41:00+00:00,SEA,SDP,betmgm,Over,6.5,2024-09-12,2024-09-12 01:41:00+00:00,2024-09-11,18,0,2024-09-12,SEA_SDP,2024-09-12,2024-09-12,2024-09-12|SDP|SEA
2024-09-12 02:11:00+00:00,LAD,CHC,betmgm,Over,8.5,2024-09-12,2024-09-12 02:11:00+00:00,2024-09-11,19,0,2024-09-12,LAD_CHC,2024-09-12,2024-09-12,2024-09-12|CHC|LAD
2024-09-13 01:46:00+00:00,SFG,MIL,betmgm,Over,7.5,2024-09-13,2024-09-13 01:46:00+00:00,2024-09-12,18,0,2024-09-13,SFG_MIL,2024-09-13,2024-09-13,2024-09-13|MIL|SFG
2024-09-26 01:41:00+00:00,ARI,SFG,betmgm,Over,8.5,2024-09-26,2024-09-26 01:41:00+00:00,2024-09-25,18,0,2024-09-26,ARI_SFG,2024-09-26,2024-09-26,2024-09-26|ARI|SFG
2024-09-27 02:10:00+00:00,LAD,SDP,betmgm,Over,8.5,2024-09-27,2024-09-27 02:10:00+00:00,2024-09-26,19,0,2024-09-27,LAD_SDP,2024-09-27,2024-09-27,2024-09-27|LAD|SDP
2024-09-29 19:11:00+00:00,CLE,HOU,betmgm,Over,7.5,2024-09-29,2024-09-29 19:11:00+00:00,2024-09-29,15,1,2024-09-29,CLE_HOU,2024-09-29,2024-09-29,2024-09-29|CLE|HOU
2025-03-30 01:10:00+00:00,LAD,DET,betmgm,Over,8.5,2025-03-30,2025-03-30 01:10:00+00:00,2025-03-29,18,0,2025-03-30,LAD_DET,2025-03-30,2025-03-30,2025-03-30|DET|LAD
2025-04-03 00:38:00+00:00,LAD,ATL,betmgm,Over,7.5,2025-04-03,2025-04-03 00:38:00+00:00,2025-04-02,17,0,2025-04-03,LAD_ATL,2025-04-03,2025-04-03,2025-04-03|ATL|LAD
2025-04-06 17:35:00+00:00,ATL,MIA,betmgm,Over,7.5,2025-04-06,2025-04-06 17:35:00+00:00,2025-04-06,13,1,2025-04-06,ATL_MIA,2025-04-06,2025-04-06,2025-04-06|ATL|MIA
2025-04-17 02:10:00+00:00,LAD,COL,betmgm,Over,8.5,2025-04-17,2025-04-17 02:10:00+00:00,2025-04-16,19,0,2025-04-17,LAD_COL,2025-04-17,2025-04-17,2025-04-17|COL|LAD
2025-04-18 00:05:00+00:00,TEX,LAA,betmgm,Over,9.5,2025-04-18,2025-04-18 00:05:00+00:00,2025-04-17,19,0,2025-04-18,TEX_LAA,2025-04-18,2025-04-18,2025-04-18|LAA|TEX
2025-04-21 00:10:00+00:00,COL,WSN,betmgm,Over,10.5,2025-04-21,2025-04-21 00:10:00+00:00,2025-04-20,18,0,2025-04-21,COL_WSN,2025-04-21,2025-04-21,2025-04-21|COL|WSN
2025-04-23 23:40:00+00:00,KCR,COL,betmgm,Over,8.5,2025-04-23,2025-04-23 23:40:00+00:00,2025-04-23,18,0,2025-04-23,KCR_COL,2025-04-23,2025-04-23,2025-04-23|COL|KCR
2025-04-24 18:10:00+00:00,KCR,COL,betmgm,Over,7.5,2025-04-24,2025-04-24 18:10:00+00:00,2025-04-24,13,1,2025-04-24,KCR_COL,2025-04-24,2025-04-24,2025-04-24|COL|KCR
2025-04-24 21:30:00+00:00,KCR,COL,betonlineag,Over,8.5,2025-04-24,2025-04-24 21:30:00+00:00,2025-04-24,16,1,2025-04-24,KCR_COL,2025-04-24,2025-04-24,2025-04-24|COL|KCR
2025-04-25 01:29:00+00:00,LAA,PIT,betmgm,Over,8.5,2025-04-25,2025-04-25 01:29:00+00:00,2025-04-24,18,0,2025-04-25,LAA_PIT,2025-04-25,2025-04-25,2025-04-25|LAA|PIT
2025-04-25 01:40:00+00:00,ARI,TBR,betmgm,Over,7.5,2025-04-25,2025-04-25 01:40:00+00:00,2025-04-24,18,0,2025-04-25,ARI_TBR,2025-04-25,2025-04-25,2025-04-25|ARI|TBR
2025-04-25 02:05:00+00:00,ATH,TEX,betmgm,Over,8.5,2025-04-25,2025-04-25 02:05:00+00:00,2025-04-24,19,0,2025-04-25,ATH_TEX,2025-04-25,2025-04-25,2025-04-25|ATH|TEX
2025-05-09 01:38:00+00:00,LAA,TOR,betmgm,Over,8.5,2025-05-09,2025-05-09 01:38:00+00:00,2025-05-08,18,0,2025-05-09,LAA_TOR,2025-05-09,2025-05-09,2025-05-09|LAA|TOR
2025-05-15 00:05:00+00:00,TEX,COL,betmgm,Over,8.5,2025-05-15,2025-05-15 00:05:00+00:00,2025-05-14,19,0,2025-05-15,TEX_COL,2025-05-15,2025-05-15,2025-05-15|COL|TEX
2025-05-15 00:10:00+00:00,HOU,KCR,betmgm,Over,7.5,2025-05-15,2025-05-15 00:10:00+00:00,2025-05-14,19,0,2025-05-15,HOU_KCR,2025-05-15,2025-05-15,2025-05-15|HOU|KCR
2025-05-15 01:40:00+00:00,SDP,LAA,betmgm,Over,8.5,2025-05-15,2025-05-15 01:40:00+00:00,2025-05-14,18,0,2025-05-15,SDP_LAA,2025-05-15,2025-05-15,2025-05-15|LAA|SDP
2025-05-16 02:10:00+00:00,LAD,ATH,betmgm,Over,9.5,2025-05-16,2025-05-16 02:10:00+00:00,2025-05-15,19,0,2025-05-16,LAD_ATH,2025-05-16,2025-05-16,2025-05-16|ATH|LAD
2025-05-22 02:11:00+00:00,LAD,ARI,betmgm,Over,8.5,2025-05-22,2025-05-22 02:11:00+00:00,2025-05-21,19,0,2025-05-22,LAD_ARI,2025-05-22,2025-05-22,2025-05-22|ARI|LAD
2025-05-29 00:05:00+00:00,CHC,COL,betmgm,Over,7.5,2025-05-29,2025-05-29 00:05:00+00:00,2025-05-28,19,0,2025-05-29,CHC_COL,2025-05-29,2025-05-29,2025-05-29|CHC|COL
2025-05-29 00:05:00+00:00,TEX,TOR,betmgm,Over,7.5,2025-05-29,2025-05-29 00:05:00+00:00,2025-05-28,19,0,2025-05-29,TEX_TOR,2025-05-29,2025-05-29,2025-05-29|TEX|TOR
2025-05-29 01:38:00+00:00,LAA,NYY,betmgm,Over,8.5,2025-05-29,2025-05-29 01:38:00+00:00,2025-05-28,18,0,2025-05-29,LAA_NYY,2025-05-29,2025-05-29,2025-05-29|LAA|NYY
2025-05-30 01:40:00+00:00,SEA,WSN,betmgm,Over,7.5,2025-05-30,2025-05-30 01:40:00+00:00,2025-05-29,18,0,2025-05-30,SEA_WSN,2025-05-30,2025-05-30,2025-05-30|SEA|WSN
2025-06-13 00:11:00+00:00,HOU,CHW,betmgm,Over,7.5,2025-06-13,2025-06-13 00:11:00+00:00,2025-06-12,19,0,2025-06-13,HOU_CHW,2025-06-13,2025-06-13,2025-06-13|CHW|HOU
2025-06-20 02:06:00+00:00,ATH,HOU,betmgm,Over,10.5,2025-06-20,2025-06-20 02:06:00+00:00,2025-06-19,19,0,2025-06-20,ATH_HOU,2025-06-20,2025-06-20,2025-06-20|ATH|HOU
2025-06-20 02:11:00+00:00,LAD,SDP,betmgm,Over,8.5,2025-06-20,2025-06-20 02:11:00+00:00,2025-06-19,19,0,2025-06-20,LAD_SDP,2025-06-20,2025-06-20,2025-06-20|LAD|SDP
2025-07-03 00:05:00+00:00,TEX,BAL,betmgm,Over,7.5,2025-07-03,2025-07-03 00:05:00+00:00,2025-07-02,19,0,2025-07-03,TEX_BAL,2025-07-03,2025-07-03,2025-07-03|BAL|TEX
2025-07-04 00:05:00+00:00,CHC,CLE,betmgm,Over,8.5,2025-07-04,2025-07-04 00:05:00+00:00,2025-07-03,19,0,2025-07-04,CHC_CLE,2025-07-04,2025-07-04,2025-07-04|CHC|CLE
2025-07-04 01:41:00+00:00,ARI,SFG,betmgm,Over,8.5,2025-07-04,2025-07-04 01:41:00+00:00,2025-07-03,18,0,2025-07-04,ARI_SFG,2025-07-04,2025-07-04,2025-07-04|ARI|SFG
2025-07-04 02:11:00+00:00,LAD,CHW,betmgm,Over,8.5,2025-07-04,2025-07-04 02:11:00+00:00,2025-07-03,19,0,2025-07-04,LAD_CHW,2025-07-04,2025-07-04,2025-07-04|CHW|LAD
2025-07-04 02:11:00+00:00,SEA,KCR,betmgm,Over,6.5,2025-07-04,2025-07-04 02:11:00+00:00,2025-07-03,19,0,2025-07-04,SEA_KCR,2025-07-04,2025-07-04,2025-07-04|KCR|SEA
2025-07-07 01:11:00+00:00,SDP,TEX,betrivers,Over,8.5,2025-07-07,2025-07-07 01:11:00+00:00,2025-07-06,18,0,2025-07-07,SDP_TEX,2025-07-07,2025-07-07,2025-07-07|SDP|TEX
2025-07-07 02:06:00+00:00,ATH,SFG,betmgm,Over,10.5,2025-07-07,2025-07-07 02:06:00+00:00,2025-07-06,19,0,2025-07-07,ATH_SFG,2025-07-07,2025-07-07,2025-07-07|ATH|SFG
2025-07-10 00:11:00+00:00,HOU,CLE,betmgm,Over,7.5,2025-07-10,2025-07-10 00:11:00+00:00,2025-07-09,19,0,2025-07-10,HOU_CLE,2025-07-10,2025-07-10,2025-07-10|CLE|HOU
2025-07-11 01:06:00+00:00,ATH,ATL,betmgm,Over,9.5,2025-07-11,2025-07-11 01:06:00+00:00,2025-07-10,18,0,2025-07-11,ATH_ATL,2025-07-11,2025-07-11,2025-07-11|ATH|ATL
2025-07-11 01:39:00+00:00,LAA,TEX,betmgm,Over,9.5,2025-07-11,2025-07-11 01:39:00+00:00,2025-07-10,18,0,2025-07-11,LAA_TEX,2025-07-11,2025-07-11,2025-07-11|LAA|TEX
2025-07-11 01:41:00+00:00,SDP,ARI,betmgm,Over,8.5,2025-07-11,2025-07-11 01:41:00+00:00,2025-07-10,18,0,2025-07-11,SDP_ARI,2025-07-11,2025-07-11,2025-07-11|ARI|SDP
2025-07-24 00:05:00+00:00,TEX,ATH,betmgm,Over,8.5,2025-07-24,2025-07-24 00:05:00+00:00,2025-07-23,19,0,2025-07-24,TEX_ATH,2025-07-24,2025-07-24,2025-07-24|ATH|TEX
2025-07-31 01:39:00+00:00,LAA,TEX,betmgm,Over,8.5,2025-07-31,2025-07-31 01:39:00+00:00,2025-07-30,18,0,2025-07-31,LAA_TEX,2025-07-31,2025-07-31,2025-07-31|LAA|TEX
2025-07-31 02:06:00+00:00,ATH,SEA,betmgm,Over,9.5,2025-07-31,2025-07-31 02:06:00+00:00,2025-07-30,19,0,2025-07-31,ATH_SEA,2025-07-31,2025-07-31,2025-07-31|ATH|SEA
2025-08-07 01:40:00+00:00,ARI,SDP,betmgm,Over,9.5,2025-08-07,2025-08-07 01:40:00+00:00,2025-08-06,18,0,2025-08-07,ARI_SDP,2025-08-07,2025-08-07,2025-08-07|ARI|SDP
2025-08-14 01:38:00+00:00,LAA,LAD,betmgm,Over,9.5,2025-08-14,2025-08-14 01:38:00+00:00,2025-08-13,18,0,2025-08-14,LAA_LAD,2025-08-14,2025-08-14,2025-08-14|LAA|LAD
2025-08-14 02:05:00+00:00,ATH,TBR,betmgm,Over,9.5,2025-08-14,2025-08-14 02:05:00+00:00,2025-08-13,19,0,2025-08-14,ATH_TBR,2025-08-14,2025-08-14,2025-08-14|ATH|TBR
2025-08-21 01:38:00+00:00,LAA,CIN,betmgm,Over,8.5,2025-08-21,2025-08-21 01:38:00+00:00,2025-08-20,18,0,2025-08-21,LAA_CIN,2025-08-21,2025-08-21,2025-08-21|CIN|LAA
2025-08-28 00:06:00+00:00,TEX,LAA,betmgm,Over,9.5,2025-08-28,2025-08-28 00:06:00+00:00,2025-08-27,19,0,2025-08-28,TEX_LAA,2025-08-28,2025-08-28,2025-08-28|LAA|TEX
2025-08-28 00:41:00+00:00,LAD,CIN,betmgm,Over,8.5,2025-08-28,2025-08-28 00:41:00+00:00,2025-08-27,17,0,2025-08-28,LAD_CIN,2025-08-28,2025-08-28,2025-08-28|CIN|LAD
2025-08-28 02:06:00+00:00,ATH,DET,betmgm,Over,10.5,2025-08-28,2025-08-28 02:06:00+00:00,2025-08-27,19,0,2025-08-28,ATH_DET,2025-08-28,2025-08-28,2025-08-28|ATH|DET
2025-09-04 00:41:00+00:00,COL,SFG,betmgm,Over,10.5,2025-09-04,2025-09-04 00:41:00+00:00,2025-09-03,18,0,2025-09-04,COL_SFG,2025-09-04,2025-09-04,2025-09-04|COL|SFG
2025-09-11 00:41:00+00:00,SDP,CIN,betmgm,Over,7.5,2025-09-11,2025-09-11 00:41:00+00:00,2025-09-10,17,0,2025-09-11,SDP_CIN,2025-09-11,2025-09-11,2025-09-11|CIN|SDP
2025-09-11 01:41:00+00:00,SEA,STL,betmgm,Over,7.5,2025-09-11,2025-09-11 01:41:00+00:00,2025-09-10,18,0,2025-09-11,SEA_STL,2025-09-11,2025-09-11,2025-09-11|SEA|STL
2025-09-11 02:11:00+00:00,LAD,COL,betmgm,Over,8.5,2025-09-11,2025-09-11 02:11:00+00:00,2025-09-10,19,0,2025-09-11,LAD_COL,2025-09-11,2025-09-11,2025-09-11|COL|LAD
2025-09-18 00:10:00+00:00,HOU,TEX,betmgm,Over,7.5,2025-09-18,2025-09-18 00:10:00+00:00,2025-09-17,19,0,2025-09-18,HOU_TEX,2025-09-18,2025-09-18,2025-09-18|HOU|TEX
2025-09-18 02:10:00+00:00,LAD,PHI,betmgm,Over,7.5,2025-09-18,2025-09-18 02:10:00+00:00,2025-09-17,19,0,2025-09-18,LAD_PHI,2025-09-18,2025-09-18,2025-09-18|LAD|PHI
2025-09-21 00:11:00+00:00,ARI,PHI,betmgm,Over,8.5,2025-09-21,2025-09-21 00:11:00+00:00,2025-09-20,17,0,2025-09-21,ARI_PHI,2025-09-21,2025-09-21,2025-09-21|ARI|PHI
2025-09-21 00:11:00+00:00,COL,LAA,betmgm,Over,11.5,2025-09-21,2025-09-21 00:11:00+00:00,2025-09-20,18,0,2025-09-21,COL_LAA,2025-09-21,2025-09-21,2025-09-21|COL|LAA
2025-09-21 01:10:00+00:00,LAD,SFG,betmgm,Over,8.5,2025-09-21,2025-09-21 01:10:00+00:00,2025-09-20,18,0,2025-09-21,LAD_SFG,2025-09-21,2025-09-21,2025-09-21|LAD|SFG
2025-09-21 17:35:00+00:00,PIT,ATH,betmgm,Over,8.5,2025-09-21,2025-09-21 17:35:00+00:00,2025-09-21,13,1,2025-09-21,PIT_ATH,2025-09-21,2025-09-21,2025-09-21|ATH|PIT
2025-09-21 17:36:00+00:00,BAL,NYY,betmgm,Over,8.5,2025-09-21,2025-09-21 17:36:00+00:00,2025-09-21,13,1,2025-09-21,BAL_NYY,2025-09-21,2025-09-21,2025-09-21|BAL|NYY
2025-09-21 17:40:00+00:00,NYM,WSN,betmgm,Over,8.5,2025-09-21,2025-09-21 17:40:00+00:00,2025-09-21,13,1,2025-09-21,NYM_WSN,2025-09-21,2025-09-21,2025-09-21|NYM|WSN
2025-09-21 17:41:00+00:00,CIN,CHC,betmgm,Over,8.5,2025-09-21,2025-09-21 17:41:00+00:00,2025-09-21,13,1,2025-09-21,CIN_CHC,2025-09-21,2025-09-21,2025-09-21|CHC|CIN
2025-09-21 17:41:00+00:00,DET,ATL,betmgm,Over,8.5,2025-09-21,2025-09-21 17:41:00+00:00,2025-09-21,13,1,2025-09-21,DET_ATL,2025-09-21,2025-09-21,2025-09-21|ATL|DET
2025-09-21 18:11:00+00:00,CHW,SDP,betmgm,Over,7.5,2025-09-21,2025-09-21 18:11:00+00:00,2025-09-21,13,1,2025-09-21,CHW_SDP,2025-09-21,2025-09-21,2025-09-21|CHW|SDP
2025-09-21 18:11:00+00:00,KCR,TOR,betmgm,Over,8.5,2025-09-21,2025-09-21 18:11:00+00:00,2025-09-21,13,1,2025-09-21,KCR_TOR,2025-09-21,2025-09-21,2025-09-21|KCR|TOR
2025-09-21 18:11:00+00:00,MIN,CLE,betmgm,Over,8.5,2025-09-21,2025-09-21 18:11:00+00:00,2025-09-21,13,1,2025-09-21,MIN_CLE,2025-09-21,2025-09-21,2025-09-21|CLE|MIN
2025-09-21 18:16:00+00:00,STL,MIL,betmgm,Over,8.5,2025-09-21,2025-09-21 18:16:00+00:00,2025-09-21,13,1,2025-09-21,STL_MIL,2025-09-21,2025-09-21,2025-09-21|MIL|STL
2025-09-21 18:35:00+00:00,TEX,MIA,betmgm,Over,6.5,2025-09-21,2025-09-21 18:35:00+00:00,2025-09-21,13,1,2025-09-21,TEX_MIA,2025-09-21,2025-09-21,2025-09-21|MIA|TEX
2025-09-21 19:11:00+00:00,COL,LAA,betmgm,Over,11.5,2025-09-21,2025-09-21 19:11:00+00:00,2025-09-21,13,1,2025-09-21,COL_LAA,2025-09-21,2025-09-21,2025-09-21|COL|LAA
2025-09-21 20:10:00+00:00,LAD,SFG,betmgm,Over,8.5,2025-09-21,2025-09-21 20:10:00+00:00,2025-09-21,13,1,2025-09-21,LAD_SFG,2025-09-21,2025-09-21,2025-09-21|LAD|SFG
2025-09-21 20:11:00+00:00,ARI,PHI,betmgm,Over,8.5,2025-09-21,2025-09-21 20:11:00+00:00,2025-09-21,13,1,2025-09-21,ARI_PHI,2025-09-21,2025-09-21,2025-09-21|ARI|PHI
2025-09-21 23:10:00+00:00,HOU,SEA,betmgm,Over,7.5,2025-09-21,2025-09-21 23:10:00+00:00,2025-09-21,18,0,2025-09-21,HOU_SEA,2025-09-21,2025-09-21,2025-09-21|HOU|SEA
2025-09-21 23:36:00+00:00,TBR,BOS,betmgm,Over,7.5,2025-09-21,2025-09-21 23:36:00+00:00,2025-09-21,19,0,2025-09-21,TBR_BOS,2025-09-21,2025-09-21,2025-09-21|BOS|TBR
2025-09-22 23:16:00+00:00,ATL,WSN,betmgm,Over,6.5,2025-09-22,2025-09-22 23:16:00+00:00,2025-09-22,19,0,2025-09-22,ATL_WSN,2025-09-22,2025-09-22,2025-09-22|ATL|WSN
2025-09-23 01:41:00+00:00,SDP,MIL,betmgm,Over,6.5,2025-09-23,2025-09-23 01:41:00+00:00,2025-09-22,18,0,2025-09-23,SDP_MIL,2025-09-23,2025-09-23,2025-09-23|MIL|SDP
2025-09-23 01:45:00+00:00,SFG,STL,betmgm,Over,7.5,2025-09-23,2025-09-23 01:45:00+00:00,2025-09-22,18,0,2025-09-23,SFG_STL,2025-09-23,2025-09-23,2025-09-23|SFG|STL
2025-09-23 22:35:00+00:00,BAL,TBR,betmgm,Over,8.5,2025-09-23,2025-09-23 22:35:00+00:00,2025-09-23,18,0,2025-09-23,BAL_TBR,2025-09-23,2025-09-23,2025-09-23|BAL|TBR
2025-09-23 22:41:00+00:00,CIN,PIT,betmgm,Over,8.5,2025-09-23,2025-09-23 22:41:00+00:00,2025-09-23,18,0,2025-09-23,CIN_PIT,2025-09-23,2025-09-23,2025-09-23|CIN|PIT
2025-09-23 22:41:00+00:00,CLE,DET,betmgm,Over,6.5,2025-09-23,2025-09-23 22:41:00+00:00,2025-09-23,18,0,2025-09-23,CLE_DET,2025-09-23,2025-09-23,2025-09-23|CLE|DET
2025-09-23 22:46:00+00:00,PHI,MIA,betmgm,Over,7.5,2025-09-23,2025-09-23 22:46:00+00:00,2025-09-23,18,0,2025-09-23,PHI_MIA,2025-09-23,2025-09-23,2025-09-23|MIA|PHI
2025-09-23 23:06:00+00:00,NYY,CHW,betmgm,Over,8.5,2025-09-23,2025-09-23 23:06:00+00:00,2025-09-23,19,0,2025-09-23,NYY_CHW,2025-09-23,2025-09-23,2025-09-23|CHW|NYY
2025-09-23 23:08:00+00:00,TOR,BOS,betmgm,Over,7.5,2025-09-23,2025-09-23 23:08:00+00:00,2025-09-23,19,0,2025-09-23,TOR_BOS,2025-09-23,2025-09-23,2025-09-23|BOS|TOR
2025-09-23 23:16:00+00:00,ATL,WSN,betmgm,Over,8.5,2025-09-23,2025-09-23 23:16:00+00:00,2025-09-23,19,0,2025-09-23,ATL_WSN,2025-09-23,2025-09-23,2025-09-23|ATL|WSN
2025-09-23 23:41:00+00:00,CHC,NYM,betmgm,Over,7.5,2025-09-23,2025-09-23 23:41:00+00:00,2025-09-23,18,0,2025-09-23,CHC_NYM,2025-09-23,2025-09-23,2025-09-23|CHC|NYM
2025-09-24 00:06:00+00:00,TEX,MIN,betmgm,Over,8.5,2025-09-24,2025-09-24 00:06:00+00:00,2025-09-23,19,0,2025-09-24,TEX_MIN,2025-09-24,2025-09-24,2025-09-24|MIN|TEX
2025-09-24 01:39:00+00:00,LAA,KCR,betmgm,Over,8.5,2025-09-24,2025-09-24 01:39:00+00:00,2025-09-23,18,0,2025-09-24,LAA_KCR,2025-09-24,2025-09-24,2025-09-24|KCR|LAA
2025-09-24 01:41:00+00:00,ARI,LAD,betmgm,Over,8.5,2025-09-24,2025-09-24 01:41:00+00:00,2025-09-23,18,0,2025-09-24,ARI_LAD,2025-09-24,2025-09-24,2025-09-24|ARI|LAD
2025-09-24 01:41:00+00:00,SDP,MIL,betmgm,Over,8.5,2025-09-24,2025-09-24 01:41:00+00:00,2025-09-23,18,0,2025-09-24,SDP_MIL,2025-09-24,2025-09-24,2025-09-24|MIL|SDP
2025-09-24 01:41:00+00:00,SEA,COL,betmgm,Over,7.5,2025-09-24,2025-09-24 01:41:00+00:00,2025-09-23,18,0,2025-09-24,SEA_COL,2025-09-24,2025-09-24,2025-09-24|COL|SEA
2025-09-24 01:46:00+00:00,SFG,STL,betmgm,Over,7.5,2025-09-24,2025-09-24 01:46:00+00:00,2025-09-23,18,0,2025-09-24,SFG_STL,2025-09-24,2025-09-24,2025-09-24|SFG|STL
2025-09-24 02:06:00+00:00,ATH,HOU,betmgm,Over,9.5,2025-09-24,2025-09-24 02:06:00+00:00,2025-09-23,19,0,2025-09-24,ATH_HOU,2025-09-24,2025-09-24,2025-09-24|ATH|HOU
2025-09-24 16:16:00+00:00,ATL,WSN,betmgm,Over,8.5,2025-09-24,2025-09-24 16:16:00+00:00,2025-09-24,12,1,2025-09-24,ATL_WSN,2025-09-24,2025-09-24,2025-09-24|ATL|WSN
2025-09-24 20:10:00+00:00,SDP,MIL,betmgm,Over,7.5,2025-09-24,2025-09-24 20:10:00+00:00,2025-09-24,13,1,2025-09-24,SDP_MIL,2025-09-24,2025-09-24,2025-09-24|MIL|SDP
2025-09-24 22:36:00+00:00,BAL,TBR,betmgm,Over,8.5,2025-09-24,2025-09-24 22:36:00+00:00,2025-09-24,18,0,2025-09-24,BAL_TBR,2025-09-24,2025-09-24,2025-09-24|BAL|TBR
2025-09-24 22:41:00+00:00,CIN,PIT,betmgm,Over,6.5,2025-09-24,2025-09-24 22:41:00+00:00,2025-09-24,18,0,2025-09-24,CIN_PIT,2025-09-24,2025-09-24,2025-09-24|CIN|PIT
2025-09-24 22:41:00+00:00,CLE,DET,betmgm,Over,7.5,2025-09-24,2025-09-24 22:41:00+00:00,2025-09-24,18,0,2025-09-24,CLE_DET,2025-09-24,2025-09-24,2025-09-24|CLE|DET
2025-09-24 22:42:00+00:00,CIN,PIT,betrivers,Over,7.5,2025-09-24,2025-09-24 22:42:00+00:00,2025-09-24,18,0,2025-09-24,CIN_PIT,2025-09-24,2025-09-24,2025-09-24|CIN|PIT
2025-09-24 22:46:00+00:00,PHI,MIA,betmgm,Over,8.5,2025-09-24,2025-09-24 22:46:00+00:00,2025-09-24,18,0,2025-09-24,PHI_MIA,2025-09-24,2025-09-24,2025-09-24|MIA|PHI
2025-09-24 23:06:00+00:00,NYY,CHW,betmgm,Over,7.5,2025-09-24,2025-09-24 23:06:00+00:00,2025-09-24,19,0,2025-09-24,NYY_CHW,2025-09-24,2025-09-24,2025-09-24|CHW|NYY
2025-09-24 23:08:00+00:00,TOR,BOS,betmgm,Over,7.5,2025-09-24,2025-09-24 23:08:00+00:00,2025-09-24,19,0,2025-09-24,TOR_BOS,2025-09-24,2025-09-24,2025-09-24|BOS|TOR
2025-09-24 23:17:00+00:00,CLE,DET,betmgm,Over,6.5,2025-09-24,2025-09-24 23:17:00+00:00,2025-09-24,19,0,2025-09-24,CLE_DET,2025-09-24,2025-09-24,2025-09-24|CLE|DET
2025-09-25 00:06:00+00:00,CHC,NYM,betmgm,Over,6.5,2025-09-25,2025-09-25 00:06:00+00:00,2025-09-24,19,0,2025-09-25,CHC_NYM,2025-09-25,2025-09-25,2025-09-25|CHC|NYM
2025-09-25 00:06:00+00:00,TEX,MIN,betmgm,Over,7.5,2025-09-25,2025-09-25 00:06:00+00:00,2025-09-24,19,0,2025-09-25,TEX_MIN,2025-09-25,2025-09-25,2025-09-25|MIN|TEX
2025-09-25 01:39:00+00:00,LAA,KCR,betmgm,Over,8.5,2025-09-25,2025-09-25 01:39:00+00:00,2025-09-24,18,0,2025-09-25,LAA_KCR,2025-09-25,2025-09-25,2025-09-25|KCR|LAA
2025-09-25 01:41:00+00:00,ARI,LAD,betmgm,Over,8.5,2025-09-25,2025-09-25 01:41:00+00:00,2025-09-24,18,0,2025-09-25,ARI_LAD,2025-09-25,2025-09-25,2025-09-25|ARI|LAD
2025-09-25 01:41:00+00:00,SEA,COL,betmgm,Over,7.5,2025-09-25,2025-09-25 01:41:00+00:00,2025-09-24,18,0,2025-09-25,SEA_COL,2025-09-25,2025-09-25,2025-09-25|COL|SEA
2025-09-25 01:45:00+00:00,SFG,STL,betmgm,Over,7.5,2025-09-25,2025-09-25 01:45:00+00:00,2025-09-24,18,0,2025-09-25,SFG_STL,2025-09-25,2025-09-25,2025-09-25|SFG|STL
2025-09-25 01:45:22+00:00,SFG,STL,betmgm,Over,7.5,2025-09-25,2025-09-25 01:45:22+00:00,2025-09-24,18,0,2025-09-25,SFG_STL,2025-09-25,2025-09-25,2025-09-25|SFG|STL
2025-09-25 02:06:00+00:00,ATH,HOU,betmgm,Over,8.5,2025-09-25,2025-09-25 02:06:00+00:00,2025-09-24,19,0,2025-09-25,ATH_HOU,2025-09-25,2025-09-25,2025-09-25|ATH|HOU
2025-09-25 16:41:00+00:00,CIN,PIT,betmgm,Over,7.5,2025-09-25,2025-09-25 16:41:00+00:00,2025-09-25,12,1,2025-09-25,CIN_PIT,2025-09-25,2025-09-25,2025-09-25|CIN|PIT
2025-09-25 17:06:00+00:00,BAL,TBR,betmgm,Over,8.5,2025-09-25,2025-09-25 17:06:00+00:00,2025-09-25,13,1,2025-09-25,BAL_TBR,2025-09-25,2025-09-25,2025-09-25|BAL|TBR
2025-09-25 19:41:00+00:00,ARI,LAD,betmgm,Over,8.5,2025-09-25,2025-09-25 19:41:00+00:00,2025-09-25,12,1,2025-09-25,ARI_LAD,2025-09-25,2025-09-25,2025-09-25|ARI|LAD
2025-09-25 22:06:00+00:00,PHI,MIA,betmgm,Over,8.5,2025-09-25,2025-09-25 22:06:00+00:00,2025-09-25,18,0,2025-09-25,PHI_MIA,2025-09-25,2025-09-25,2025-09-25|MIA|PHI
2025-09-25 23:06:00+00:00,NYY,CHW,betmgm,Over,8.5,2025-09-25,2025-09-25 23:06:00+00:00,2025-09-25,19,0,2025-09-25,NYY_CHW,2025-09-25,2025-09-25,2025-09-25|CHW|NYY
2025-09-25 23:07:00+00:00,TOR,BOS,bovada,Over,7.5,2025-09-25,2025-09-25 23:07:00+00:00,2025-09-25,19,0,2025-09-25,TOR_BOS,2025-09-25,2025-09-25,2025-09-25|BOS|TOR
2025-09-25 23:41:00+00:00,CHC,NYM,betmgm,Over,7.5,2025-09-25,2025-09-25 23:41:00+00:00,2025-09-25,18,0,2025-09-25,CHC_NYM,2025-09-25,2025-09-25,2025-09-25|CHC|NYM
2025-09-26 01:39:00+00:00,LAA,KCR,betmgm,Over,9.5,2025-09-26,2025-09-26 01:39:00+00:00,2025-09-25,18,0,2025-09-26,LAA_KCR,2025-09-26,2025-09-26,2025-09-26|KCR|LAA
